ID,Description,Amount,Category,Created At
1,rent,400.00,housing,2026-08-18 21:36:11
2,TestExpense,100.00,TestCategory,2026-08-19 20:10:19
3,TestExpense,100.00,TestCategory,2026-08-19 20:10:54
4,TestExpense,100.00,TestCategory,2026-08-19 20:12:08
5,TestExpense,100.00,TestCategory,2026-08-19 20:12:25
6,TestExpense,100.00,TestCategory,2026-08-19 20:15:31
7,TestExpense,100.00,TestCategory,2026-08-19 20:20:33
8,TestExpense,100.00,TestCategory,2026-08-19 20:26:17
9,TestExpense,100.00,TestCategory,2026-08-19 20:26:26
